{"block": 0, "layer": 0, "type": "block", "features": [{"ids": 355599841, "tags": {"building": "yes"}, "mtl": {"face": 0}, "geom": {"centroids": [[-6.5241827473674805, -27.924870697767435, 0.0]], "h": 1, "polygons": [[[[-13.497013162863928, -27.996249236500017], [-9.687681370657216, -27.00813415147658], [-9.849779906715959, -26.40006078153268], [-8.75561036421646, -26.134029644689043], [-9.120332251181122, -24.87987831907995], [-6.243072207717923, -24.11978873680362], [-5.756775801837331, -25.677976648771363], [-0.7722270534839534, -24.385822475100102], [0.5245661443647922, -28.56632593963856], [-12.281274348985926, -31.910722012638395], [-13.497013162863928, -27.996249236500017]]]]}}, {"ids": 355599844, "tags": {"building": "yes"}, "mtl": {"face": 0}, "geom": {"centroids": [[7.458087243407512, -19.411153937700927, 0.0]], "h": 1, "polygons": [[[[0.7271893696721056, -18.57112217172175], [4.739139723462768, -17.697015921290014], [4.6580900527332645, -17.35497475709696], [13.006186112096534, -15.530748510387536], [14.019310387639312, -19.40721419625322], [10.615231479366116, -20.167309453841018], [10.858381093876082, -21.07941907602023], [9.804737409522014, -21.307447503268584], [10.04788705574458, -22.29556629514539], [9.642639458682297, -22.40958037957969], [9.764214241621072, -22.865635200654342], [7.211153928501361, -23.43570577440772], [6.927479693166198, -22.333573217336898], [6.1575091577473025, -22.523596547680825], [5.954884796464397, -21.725500538258466], [1.7808337730084134, -22.637611817641176], [0.7271893696721056, -18.57112217172175]]]]}}, {"ids": 355599852, "tags": {"building": "yes"}, "mtl": {"face": 0}, "geom": {"centroids": [[11.89608835135194, -4.182010243943231, 0.0]], "h": 1, "polygons": [[[[6.481692705398842, -1.0510098978083346], [15.113446335794485, 1.077254757296204], [16.248143570894438, -2.6851969470151524], [12.317250136807445, -3.673320955719486], [12.560399392586975, -4.50942141060391], [16.49129314692109, -3.5212973198594573], [17.301791811775395, -6.181616587058808], [16.89654498760629, -6.295630935699869], [17.26126938520516, -7.43576772990517], [13.897719841850986, -8.271873085252237], [13.776145102281323, -7.853822876012308], [12.438830126447572, -8.19586563139053], [12.560404812133275, -8.613915855193905], [12.074108400174868, -8.727930119911685], [12.033583542791524, -8.61391642875542], [10.534169581476423, -8.99396370632543], [10.574694423538688, -9.107977402093464], [8.791607343855572, -9.526029289843628], [8.264784571157033, -7.8538282530018355], [7.940586956060391, -7.92983764169329], [7.454289064940177, -6.181627377880524], [10.412591569288846, -5.459538052721517], [10.047867907731787, -4.1673827211360965], [7.61638674985044, -4.775457875209384], [7.494812360435893, -4.3954121735401515], [6.927466740726997, -4.547430848614087], [6.400644494200675, -2.7612159757193333], [6.96799001631116, -2.6091973259495105], [6.481692705398842, -1.0510098978083346]]]]}}, {"ids": 355599903, "tags": {"building": "yes"}, "mtl": {"face": 0}, "geom": {"centroids": [[10.105870431424513, -27.38424546749691, 0.0]], "h": 1, "polygons": [[[[3.239727184668498, -27.31217445430697], [8.588998651247689, -26.020016043092344], [7.981125090115705, -23.92976475796072], [10.169462588468233, -23.43570349850426], [10.736811642578596, -25.373936398671646], [15.923982012841728, -24.157783815452152], [17.018157987389742, -28.034249057926928], [4.333898300801537, -31.07462717466783], [3.239727184668498, -27.31217445430697]]]]}}, {"ids": 369090786, "tags": {"building": "yes"}, "mtl": {"face": 0}, "geom": {"centroids": [[-28.98994537934045, -26.309607103763234, 0.0]], "h": 1, "polygons": [[[[-38.01454077008284, -34.57098506855256], [-39.757080707472376, -27.996187336326102], [-31.40896666632631, -26.133989371154968], [-33.92147002818552, -16.74685154699122], [-27.194357569259427, -15.226686642869447], [-24.722372159475917, -24.38579544795524], [-19.859396233414206, -23.28367231093318], [-18.035794232727802, -30.0864946173058], [-38.01454077008284, -34.57098506855256]]]]}}, {"ids": 355599842, "tags": {"building": "yes"}, "mtl": {"face": 0}, "geom": {"centroids": [[-7.767146486349084, -20.837795735809987, 0.0]], "h": 1, "polygons": [[[[-14.510121053039029, -20.12930054579591], [-2.069018458038302, -17.202957218703087], [-0.9748506077032808, -21.003415099416685], [-4.2168322089359584, -21.763505896941254], [-4.176307557041305, -22.029537952429283], [-5.837823367346377, -22.40958298674234], [-5.55415060817869, -23.511715863844966], [-7.864063307803923, -24.043778570058826], [-8.026161974045053, -23.511714377948145], [-9.201380786340694, -23.815750098755338], [-9.363479336490885, -23.2456813108446], [-13.375433432565561, -24.195791697919116], [-14.510121053039029, -20.12930054579591]]]]}}, {"ids": 355599846, "tags": {"building": "yes"}, "mtl": {"face": 0}, "geom": {"centroids": [[-29.97441505653778, -7.693490615432298, 0.0]], "h": 1, "polygons": [[[[-35.62346531137066, -4.965427161478743], [-26.748549937312756, -2.6091678048589086], [-25.73544138805269, -5.801554739352972], [-28.288499587875673, -6.485631042540289], [-27.883256335789067, -7.777787706593655], [-25.330197818314314, -7.093711313593134], [-24.681807542044403, -9.031946231600903], [-24.924956030479184, -9.10795485291521], [-24.479187782374208, -10.514125211825935], [-27.883267029989707, -11.426227192260425], [-28.004840197503448, -11.084185690738593], [-29.382681972810644, -11.46422796865073], [-29.261108848950414, -11.806269485040275], [-33.11096131781606, -12.794377878911918], [-34.28616536206534, -9.145934896198414], [-30.679462636649586, -8.195830817740667], [-31.003656982494697, -7.169706323187587], [-34.61035935072591, -8.119810300847227], [-35.62346531137066, -4.965427161478743]]]]}}, {"ids": 355599848, "tags": {"building": "yes"}, "mtl": {"face": 0}, "geom": {"centroids": [[-4.204822125151125, 3.4248902561722336, 0.0]], "h": 1, "polygons": [[[[-11.024961342274391, 5.903831543354479], [-6.121478819054353, 5.485777452051944], [-5.959379278535446, 6.967955948195343], [-3.122654087924939, 6.739927333069834], [-3.244228420097362, 5.599789996743583], [-1.9879642169473288, 5.485775968257557], [-2.0690136471777607, 4.915707297789081], [3.9691602276375018, 4.383643699958004], [3.80706222051277, 2.8254559114885716], [3.1586675666203576, 2.9014648679440826], [2.956044848808892, 0.9632312971618158], [1.9024033486295349, 1.0772448068783087], [1.821354121257726, 0.46917153436198644], [-4.01419875758536, 1.0012362028018114], [-3.973673926604839, 1.3812819749821243], [-6.202530652395064, 1.6093104512031686], [-6.243055471682404, 1.3812830012933954], [-11.51126207721767, 1.8373420868230492], [-11.38968661612295, 3.053488485191667], [-12.321753724361939, 3.167503199503774], [-12.159653275411657, 4.57367244312567], [-11.187061600826873, 4.497662279525121], [-11.024961342274391, 5.903831543354479]]]]}}, {"ids": 355599849, "tags": {"building": "yes"}, "mtl": {"face": 0}, "geom": {"centroids": [[-10.822128781528251, -8.067806771088858, 0.0]], "h": 1,